{
    "frames": [
        {
            "key_frame": 1,
            "pts": 0,
            "pkt_dts": 0,
            "best_effort_timestamp": 0,
            "duration": 3000,
            "pict_type": "I",
            "side_data_list": [
                {
                    "side_data_type": "ICC profile",
                    "size": 456
                },
                {
                    "side_data_type": "H.26[45] User Data Unregistered SEI message"
                }
            ]
        },
        {
            "key_frame": 0,
            "pts": 3000,
            "pkt_dts": 3000,
            "best_effort_timestamp": 3000,
            "duration": 3000,
            "pict_type": "B",
            "side_data_list": [
                {
                    "side_data_type": "ICC profile",
                    "size": 456
                }
            ]
        },
        {
            "key_frame": 0,
            "pts": 6000,
            "pkt_dts": 6000,
            "best_effort_timestamp": 6000,
            "duration": 3000,
            "pict_type": "B",
            "side_data_list": [
                {
                    "side_data_type": "ICC profile",
                    "size": 456
                }
            ]
        },
        {
            "key_frame": 0,
            "pts": 9000,
            "pkt_dts": 9000,
            "best_effort_timestamp": 9000,
            "duration": 3000,
            "pict_type": "B",
            "side_data_list": [
                {
                    "side_data_type": "ICC profile",
                    "size": 456
                }
            ]
        },
        {
            "key_frame": 0,
            "pts": 12000,
            "pkt_dts": 12000,
            "best_effort_timestamp": 12000,
            "duration": 3000,
            "pict_type": "P",
            "side_data_list": [
                {
                    "side_data_type": "ICC profile",
                    "size": 456
                }
            ]
        },
        {
            "key_frame": 0,
            "pts": 15000,
            "pkt_dts": 15000,
            "best_effort_timestamp": 15000,
            "duration": 3000,
            "pict_type": "B",
            "side_data_list": [
                {
                    "side_data_type": "ICC profile",
                    "size": 456
                }
            ]
        },
        {
            "key_frame": 0,
            "pts": 18000,
            "pkt_dts": 18000,
            "best_effort_timestamp": 18000,
            "duration": 3000,
            "pict_type": "B",
            "side_data_list": [
                {
                    "side_data_type": "ICC profile",
                    "size": 456
                }
            ]
        },
        {
            "key_frame": 0,
            "pts": 21000,
            "pkt_dts": 21000,
            "best_effort_timestamp": 21000,
            "duration": 3000,
            "pict_type": "B",
            "side_data_list": [
                {
                    "side_data_type": "ICC profile",
                    "size": 456
                }
            ]
        },
        {
            "key_frame": 0,
            "pts": 24000,
            "pkt_dts": 24000,
            "best_effort_timestamp": 24000,
            "duration": 3000,
            "pict_type": "P",
            "side_data_list": [
                {
                    "side_data_type": "ICC profile",
                    "size": 456
                }
            ]
        },
        {
            "key_frame": 0,
            "pts": 27000,
            "pkt_dts": 27000,
            "best_effort_timestamp": 27000,
            "duration": 3000,
            "pict_type": "B",
            "side_data_list": [
                {
                    "side_data_type": "ICC profile",
                    "size": 456
                }
            ]
        },
        {
            "key_frame": 0,
            "pts": 30000,
            "pkt_dts": 30000,
            "best_effort_timestamp": 30000,
            "duration": 3000,
            "pict_type": "B",
            "side_data_list": [
                {
                    "side_data_type": "ICC profile",
                    "size": 456
                }
            ]
        },
        {
            "key_frame": 0,
            "pts": 33000,
            "pkt_dts": 33000,
            "best_effort_timestamp": 33000,
            "duration": 3000,
            "pict_type": "B",
            "side_data_list": [
                {
                    "side_data_type": "ICC profile",
                    "size": 456
                }
            ]
        },
        {
            "key_frame": 0,
            "pts": 36000,
            "pkt_dts": 36000,
            "best_effort_timestamp": 36000,
            "duration": 3000,
            "pict_type": "P",
            "side_data_list": [
                {
                    "side_data_type": "ICC profile",
                    "size": 456
                }
            ]
        },
        {
            "key_frame": 0,
            "pts": 39000,
            "pkt_dts": 39000,
            "best_effort_timestamp": 39000,
            "duration": 3000,
            "pict_type": "B",
            "side_data_list": [
                {
                    "side_data_type": "ICC profile",
                    "size": 456
                }
            ]
        },
        {
            "key_frame": 0,
            "pts": 42000,
            "pkt_dts": 42000,
            "best_effort_timestamp": 42000,
            "duration": 3000,
            "pict_type": "B",
            "side_data_list": [
                {
                    "side_data_type": "ICC profile",
                    "size": 456
                }
            ]
        },
        {
            "key_frame": 0,
            "pts": 45000,
            "pkt_dts": 45000,
            "best_effort_timestamp": 45000,
            "duration": 3000,
            "pict_type": "B",
            "side_data_list": [
                {
                    "side_data_type": "ICC profile",
                    "size": 456
                }
            ]
        },
        {
            "key_frame": 0,
            "pts": 48000,
            "pkt_dts": 48000,
            "best_effort_timestamp": 48000,
            "duration": 3000,
            "pict_type": "P",
            "side_data_list": [
                {
                    "side_data_type": "ICC profile",
                    "size": 456
                }
            ]
        },
        {
            "key_frame": 0,
            "pts": 51000,
            "pkt_dts": 51000,
            "best_effort_timestamp": 51000,
            "duration": 3000,
            "pict_type": "B",
            "side_data_list": [
                {
                    "side_data_type": "ICC profile",
                    "size": 456
                }
            ]
        },
        {
            "key_frame": 0,
            "pts": 54000,
            "pkt_dts": 54000,
            "best_effort_timestamp": 54000,
            "duration": 3000,
            "pict_type": "B",
            "side_data_list": [
                {
                    "side_data_type": "ICC profile",
                    "size": 456
                }
            ]
        },
        {
            "key_frame": 0,
            "pts": 57000,
            "pkt_dts": 57000,
            "best_effort_timestamp": 57000,
            "duration": 3000,
            "pict_type": "P",
            "side_data_list": [
                {
                    "side_data_type": "ICC profile",
                    "size": 456
                }
            ]
        },
        {
            "key_frame": 0,
            "pts": 60000,
            "pkt_dts": 60000,
            "best_effort_timestamp": 60000,
            "duration": 3000,
            "pict_type": "P",
            "side_data_list": [
                {
                    "side_data_type": "ICC profile",
                    "size": 456
                }
            ]
        },
        {
            "key_frame": 0,
            "pts": 63000,
            "pkt_dts": 63000,
            "best_effort_timestamp": 63000,
            "duration": 3000,
            "pict_type": "P",
            "side_data_list": [
                {
                    "side_data_type": "ICC profile",
                    "size": 456
                }
            ]
        },
        {
            "key_frame": 0,
            "pts": 66000,
            "pkt_dts": 66000,
            "best_effort_timestamp": 66000,
            "duration": 3000,
            "pict_type": "P",
            "side_data_list": [
                {
                    "side_data_type": "ICC profile",
                    "size": 456
                }
            ]
        },
        {
            "key_frame": 1,
            "pts": 69000,
            "pkt_dts": 69000,
            "best_effort_timestamp": 69000,
            "duration": 3000,
            "pict_type": "I",
            "side_data_list": [
                {
                    "side_data_type": "ICC profile",
                    "size": 456
                }
            ]
        },
        {
            "key_frame": 0,
            "pts": 72000,
            "pkt_dts": 72000,
            "best_effort_timestamp": 72000,
            "duration": 3000,
            "pict_type": "B",
            "side_data_list": [
                {
                    "side_data_type": "ICC profile",
                    "size": 456
                }
            ]
        },
        {
            "key_frame": 0,
            "pts": 75000,
            "pkt_dts": 75000,
            "best_effort_timestamp": 75000,
            "duration": 3000,
            "pict_type": "B",
            "side_data_list": [
                {
                    "side_data_type": "ICC profile",
                    "size": 456
                }
            ]
        },
        {
            "key_frame": 0,
            "pts": 78000,
            "pkt_dts": 78000,
            "best_effort_timestamp": 78000,
            "duration": 3000,
            "pict_type": "B",
            "side_data_list": [
                {
                    "side_data_type": "ICC profile",
                    "size": 456
                }
            ]
        },
        {
            "key_frame": 0,
            "pts": 81000,
            "pkt_dts": 81000,
            "best_effort_timestamp": 81000,
            "duration": 3000,
            "pict_type": "P",
            "side_data_list": [
                {
                    "side_data_type": "ICC profile",
                    "size": 456
                }
            ]
        },
        {
            "key_frame": 0,
            "pts": 84000,
            "pkt_dts": 84000,
            "best_effort_timestamp": 84000,
            "duration": 3000,
            "pict_type": "B",
            "side_data_list": [
                {
                    "side_data_type": "ICC profile",
                    "size": 456
                }
            ]
        },
        {
            "key_frame": 0,
            "pts": 87000,
            "pkt_dts": 87000,
            "best_effort_timestamp": 87000,
            "duration": 3000,
            "pict_type": "B",
            "side_data_list": [
                {
                    "side_data_type": "ICC profile",
                    "size": 456
                }
            ]
        },
        {
            "key_frame": 0,
            "pts": 90000,
            "pkt_dts": 90000,
            "best_effort_timestamp": 90000,
            "duration": 3000,
            "pict_type": "B",
            "side_data_list": [
                {
                    "side_data_type": "ICC profile",
                    "size": 456
                }
            ]
        },
        {
            "key_frame": 0,
            "pts": 93000,
            "pkt_dts": 93000,
            "best_effort_timestamp": 93000,
            "duration": 3000,
            "pict_type": "P",
            "side_data_list": [
                {
                    "side_data_type": "ICC profile",
                    "size": 456
                }
            ]
        },
        {
            "key_frame": 0,
            "pts": 96000,
            "pkt_dts": 96000,
            "best_effort_timestamp": 96000,
            "duration": 3000,
            "pict_type": "B",
            "side_data_list": [
                {
                    "side_data_type": "ICC profile",
                    "size": 456
                }
            ]
        },
        {
            "key_frame": 0,
            "pts": 99000,
            "pkt_dts": 99000,
            "best_effort_timestamp": 99000,
            "duration": 3000,
            "pict_type": "B",
            "side_data_list": [
                {
                    "side_data_type": "ICC profile",
                    "size": 456
                }
            ]
        },
        {
            "key_frame": 0,
            "pts": 102000,
            "pkt_dts": 102000,
            "best_effort_timestamp": 102000,
            "duration": 3000,
            "pict_type": "B",
            "side_data_list": [
                {
                    "side_data_type": "ICC profile",
                    "size": 456
                }
            ]
        },
        {
            "key_frame": 0,
            "pts": 105000,
            "pkt_dts": 105000,
            "best_effort_timestamp": 105000,
            "duration": 3000,
            "pict_type": "P",
            "side_data_list": [
                {
                    "side_data_type": "ICC profile",
                    "size": 456
                }
            ]
        },
        {
            "key_frame": 0,
            "pts": 108000,
            "pkt_dts": 108000,
            "best_effort_timestamp": 108000,
            "duration": 3000,
            "pict_type": "B",
            "side_data_list": [
                {
                    "side_data_type": "ICC profile",
                    "size": 456
                }
            ]
        },
        {
            "key_frame": 0,
            "pts": 111000,
            "pkt_dts": 111000,
            "best_effort_timestamp": 111000,
            "duration": 3000,
            "pict_type": "B",
            "side_data_list": [
                {
                    "side_data_type": "ICC profile",
                    "size": 456
                }
            ]
        },
        {
            "key_frame": 0,
            "pts": 114000,
            "pkt_dts": 114000,
            "best_effort_timestamp": 114000,
            "duration": 3000,
            "pict_type": "B",
            "side_data_list": [
                {
                    "side_data_type": "ICC profile",
                    "size": 456
                }
            ]
        },
        {
            "key_frame": 0,
            "pts": 117000,
            "pkt_dts": 117000,
            "best_effort_timestamp": 117000,
            "duration": 3000,
            "pict_type": "P",
            "side_data_list": [
                {
                    "side_data_type": "ICC profile",
                    "size": 456
                }
            ]
        },
        {
            "key_frame": 0,
            "pts": 120000,
            "pkt_dts": 120000,
            "best_effort_timestamp": 120000,
            "duration": 3000,
            "pict_type": "B",
            "side_data_list": [
                {
                    "side_data_type": "ICC profile",
                    "size": 456
                }
            ]
        },
        {
            "key_frame": 0,
            "pts": 123000,
            "pkt_dts": 123000,
            "best_effort_timestamp": 123000,
            "duration": 3000,
            "pict_type": "B",
            "side_data_list": [
                {
                    "side_data_type": "ICC profile",
                    "size": 456
                }
            ]
        },
        {
            "key_frame": 0,
            "pts": 126000,
            "pkt_dts": 126000,
            "best_effort_timestamp": 126000,
            "duration": 3000,
            "pict_type": "P",
            "side_data_list": [
                {
                    "side_data_type": "ICC profile",
                    "size": 456
                }
            ]
        },
        {
            "key_frame": 0,
            "pts": 129000,
            "pkt_dts": 129000,
            "best_effort_timestamp": 129000,
            "duration": 3000,
            "pict_type": "P",
            "side_data_list": [
                {
                    "side_data_type": "ICC profile",
                    "size": 456
                }
            ]
        },
        {
            "key_frame": 0,
            "pts": 132000,
            "pkt_dts": 132000,
            "best_effort_timestamp": 132000,
            "duration": 3000,
            "pict_type": "P",
            "side_data_list": [
                {
                    "side_data_type": "ICC profile",
                    "size": 456
                }
            ]
        },
        {
            "key_frame": 0,
            "pts": 135000,
            "pkt_dts": 135000,
            "best_effort_timestamp": 135000,
            "duration": 3000,
            "pict_type": "P",
            "side_data_list": [
                {
                    "side_data_type": "ICC profile",
                    "size": 456
                }
            ]
        },
        {
            "key_frame": 1,
            "pts": 138000,
            "pkt_dts": 138000,
            "best_effort_timestamp": 138000,
            "duration": 3000,
            "pict_type": "I",
            "side_data_list": [
                {
                    "side_data_type": "ICC profile",
                    "size": 456
                }
            ]
        },
        {
            "key_frame": 0,
            "pts": 141000,
            "pkt_dts": 141000,
            "best_effort_timestamp": 141000,
            "duration": 3000,
            "pict_type": "B",
            "side_data_list": [
                {
                    "side_data_type": "ICC profile",
                    "size": 456
                }
            ]
        },
        {
            "key_frame": 0,
            "pts": 144000,
            "pkt_dts": 144000,
            "best_effort_timestamp": 144000,
            "duration": 3000,
            "pict_type": "B",
            "side_data_list": [
                {
                    "side_data_type": "ICC profile",
                    "size": 456
                }
            ]
        },
        {
            "key_frame": 0,
            "pts": 147000,
            "pkt_dts": 147000,
            "best_effort_timestamp": 147000,
            "duration": 3000,
            "pict_type": "B",
            "side_data_list": [
                {
                    "side_data_type": "ICC profile",
                    "size": 456
                }
            ]
        },
        {
            "key_frame": 0,
            "pts": 150000,
            "pkt_dts": 150000,
            "best_effort_timestamp": 150000,
            "duration": 3000,
            "pict_type": "P",
            "side_data_list": [
                {
                    "side_data_type": "ICC profile",
                    "size": 456
                }
            ]
        },
        {
            "key_frame": 0,
            "pts": 153000,
            "pkt_dts": 153000,
            "best_effort_timestamp": 153000,
            "duration": 3000,
            "pict_type": "B",
            "side_data_list": [
                {
                    "side_data_type": "ICC profile",
                    "size": 456
                }
            ]
        },
        {
            "key_frame": 0,
            "pts": 156000,
            "pkt_dts": 156000,
            "best_effort_timestamp": 156000,
            "duration": 3000,
            "pict_type": "B",
            "side_data_list": [
                {
                    "side_data_type": "ICC profile",
                    "size": 456
                }
            ]
        },
        {
            "key_frame": 0,
            "pts": 159000,
            "pkt_dts": 159000,
            "best_effort_timestamp": 159000,
            "duration": 3000,
            "pict_type": "B",
            "side_data_list": [
                {
                    "side_data_type": "ICC profile",
                    "size": 456
                }
            ]
        },
        {
            "key_frame": 0,
            "pts": 162000,
            "pkt_dts": 162000,
            "best_effort_timestamp": 162000,
            "duration": 3000,
            "pict_type": "P",
            "side_data_list": [
                {
                    "side_data_type": "ICC profile",
                    "size": 456
                }
            ]
        },
        {
            "key_frame": 0,
            "pts": 165000,
            "pkt_dts": 165000,
            "best_effort_timestamp": 165000,
            "duration": 3000,
            "pict_type": "B",
            "side_data_list": [
                {
                    "side_data_type": "ICC profile",
                    "size": 456
                }
            ]
        },
        {
            "key_frame": 0,
            "pts": 168000,
            "pkt_dts": 168000,
            "best_effort_timestamp": 168000,
            "duration": 3000,
            "pict_type": "B",
            "side_data_list": [
                {
                    "side_data_type": "ICC profile",
                    "size": 456
                }
            ]
        },
        {
            "key_frame": 0,
            "pts": 171000,
            "pkt_dts": 171000,
            "best_effort_timestamp": 171000,
            "duration": 3000,
            "pict_type": "B",
            "side_data_list": [
                {
                    "side_data_type": "ICC profile",
                    "size": 456
                }
            ]
        },
        {
            "key_frame": 0,
            "pts": 174000,
            "pkt_dts": 174000,
            "best_effort_timestamp": 174000,
            "duration": 3000,
            "pict_type": "P",
            "side_data_list": [
                {
                    "side_data_type": "ICC profile",
                    "size": 456
                }
            ]
        },
        {
            "key_frame": 0,
            "pts": 177000,
            "pkt_dts": 177000,
            "best_effort_timestamp": 177000,
            "duration": 3000,
            "pict_type": "B",
            "side_data_list": [
                {
                    "side_data_type": "ICC profile",
                    "size": 456
                }
            ]
        },
        {
            "key_frame": 0,
            "pts": 180000,
            "pkt_dts": 180000,
            "best_effort_timestamp": 180000,
            "duration": 3000,
            "pict_type": "B",
            "side_data_list": [
                {
                    "side_data_type": "ICC profile",
                    "size": 456
                }
            ]
        },
        {
            "key_frame": 0,
            "pts": 183000,
            "pkt_dts": 183000,
            "best_effort_timestamp": 183000,
            "duration": 3000,
            "pict_type": "B",
            "side_data_list": [
                {
                    "side_data_type": "ICC profile",
                    "size": 456
                }
            ]
        },
        {
            "key_frame": 0,
            "pts": 186000,
            "pkt_dts": 186000,
            "best_effort_timestamp": 186000,
            "duration": 3000,
            "pict_type": "P",
            "side_data_list": [
                {
                    "side_data_type": "ICC profile",
                    "size": 456
                }
            ]
        },
        {
            "key_frame": 0,
            "pts": 189000,
            "pkt_dts": 189000,
            "best_effort_timestamp": 189000,
            "duration": 3000,
            "pict_type": "B",
            "side_data_list": [
                {
                    "side_data_type": "ICC profile",
                    "size": 456
                }
            ]
        },
        {
            "key_frame": 0,
            "pts": 192000,
            "pkt_dts": 192000,
            "best_effort_timestamp": 192000,
            "duration": 3000,
            "pict_type": "B",
            "side_data_list": [
                {
                    "side_data_type": "ICC profile",
                    "size": 456
                }
            ]
        },
        {
            "key_frame": 0,
            "pts": 195000,
            "pkt_dts": 195000,
            "best_effort_timestamp": 195000,
            "duration": 3000,
            "pict_type": "P",
            "side_data_list": [
                {
                    "side_data_type": "ICC profile",
                    "size": 456
                }
            ]
        },
        {
            "key_frame": 0,
            "pts": 198000,
            "pkt_dts": 198000,
            "best_effort_timestamp": 198000,
            "duration": 3000,
            "pict_type": "P",
            "side_data_list": [
                {
                    "side_data_type": "ICC profile",
                    "size": 456
                }
            ]
        },
        {
            "key_frame": 0,
            "pts": 201000,
            "pkt_dts": 201000,
            "best_effort_timestamp": 201000,
            "duration": 3000,
            "pict_type": "P",
            "side_data_list": [
                {
                    "side_data_type": "ICC profile",
                    "size": 456
                }
            ]
        },
        {
            "key_frame": 0,
            "pts": 204000,
            "pkt_dts": 204000,
            "best_effort_timestamp": 204000,
            "duration": 3000,
            "pict_type": "P",
            "side_data_list": [
                {
                    "side_data_type": "ICC profile",
                    "size": 456
                }
            ]
        },
        {
            "key_frame": 1,
            "pts": 207000,
            "pkt_dts": 207000,
            "best_effort_timestamp": 207000,
            "duration": 3000,
            "pict_type": "I",
            "side_data_list": [
                {
                    "side_data_type": "ICC profile",
                    "size": 456
                }
            ]
        },
        {
            "key_frame": 0,
            "pts": 210000,
            "pkt_dts": 210000,
            "best_effort_timestamp": 210000,
            "duration": 3000,
            "pict_type": "B",
            "side_data_list": [
                {
                    "side_data_type": "ICC profile",
                    "size": 456
                }
            ]
        },
        {
            "key_frame": 0,
            "pts": 213000,
            "pkt_dts": 213000,
            "best_effort_timestamp": 213000,
            "duration": 3000,
            "pict_type": "B",
            "side_data_list": [
                {
                    "side_data_type": "ICC profile",
                    "size": 456
                }
            ]
        },
        {
            "key_frame": 0,
            "pts": 216000,
            "pkt_dts": 216000,
            "best_effort_timestamp": 216000,
            "duration": 3000,
            "pict_type": "B",
            "side_data_list": [
                {
                    "side_data_type": "ICC profile",
                    "size": 456
                }
            ]
        },
        {
            "key_frame": 0,
            "pts": 219000,
            "pkt_dts": 219000,
            "best_effort_timestamp": 219000,
            "duration": 3000,
            "pict_type": "P",
            "side_data_list": [
                {
                    "side_data_type": "ICC profile",
                    "size": 456
                }
            ]
        },
        {
            "key_frame": 0,
            "pts": 222000,
            "pkt_dts": 222000,
            "best_effort_timestamp": 222000,
            "duration": 3000,
            "pict_type": "B",
            "side_data_list": [
                {
                    "side_data_type": "ICC profile",
                    "size": 456
                }
            ]
        },
        {
            "key_frame": 0,
            "pts": 225000,
            "pkt_dts": 225000,
            "best_effort_timestamp": 225000,
            "duration": 3000,
            "pict_type": "B",
            "side_data_list": [
                {
                    "side_data_type": "ICC profile",
                    "size": 456
                }
            ]
        },
        {
            "key_frame": 0,
            "pts": 228000,
            "pkt_dts": 228000,
            "best_effort_timestamp": 228000,
            "duration": 3000,
            "pict_type": "B",
            "side_data_list": [
                {
                    "side_data_type": "ICC profile",
                    "size": 456
                }
            ]
        },
        {
            "key_frame": 0,
            "pts": 231000,
            "pkt_dts": 231000,
            "best_effort_timestamp": 231000,
            "duration": 3000,
            "pict_type": "P",
            "side_data_list": [
                {
                    "side_data_type": "ICC profile",
                    "size": 456
                }
            ]
        },
        {
            "key_frame": 0,
            "pts": 234000,
            "pkt_dts": 234000,
            "best_effort_timestamp": 234000,
            "duration": 3000,
            "pict_type": "B",
            "side_data_list": [
                {
                    "side_data_type": "ICC profile",
                    "size": 456
                }
            ]
        },
        {
            "key_frame": 0,
            "pts": 237000,
            "pkt_dts": 237000,
            "best_effort_timestamp": 237000,
            "duration": 3000,
            "pict_type": "B",
            "side_data_list": [
                {
                    "side_data_type": "ICC profile",
                    "size": 456
                }
            ]
        },
        {
            "key_frame": 0,
            "pts": 240000,
            "pkt_dts": 240000,
            "best_effort_timestamp": 240000,
            "duration": 3000,
            "pict_type": "B",
            "side_data_list": [
                {
                    "side_data_type": "ICC profile",
                    "size": 456
                }
            ]
        },
        {
            "key_frame": 0,
            "pts": 243000,
            "pkt_dts": 243000,
            "best_effort_timestamp": 243000,
            "duration": 3000,
            "pict_type": "P",
            "side_data_list": [
                {
                    "side_data_type": "ICC profile",
                    "size": 456
                }
            ]
        },
        {
            "key_frame": 0,
            "pts": 246000,
            "pkt_dts": 246000,
            "best_effort_timestamp": 246000,
            "duration": 3000,
            "pict_type": "B",
            "side_data_list": [
                {
                    "side_data_type": "ICC profile",
                    "size": 456
                }
            ]
        },
        {
            "key_frame": 0,
            "pts": 249000,
            "pkt_dts": 249000,
            "best_effort_timestamp": 249000,
            "duration": 3000,
            "pict_type": "B",
            "side_data_list": [
                {
                    "side_data_type": "ICC profile",
                    "size": 456
                }
            ]
        },
        {
            "key_frame": 0,
            "pts": 252000,
            "pkt_dts": 252000,
            "best_effort_timestamp": 252000,
            "duration": 3000,
            "pict_type": "B",
            "side_data_list": [
                {
                    "side_data_type": "ICC profile",
                    "size": 456
                }
            ]
        },
        {
            "key_frame": 0,
            "pts": 255000,
            "pkt_dts": 255000,
            "best_effort_timestamp": 255000,
            "duration": 3000,
            "pict_type": "P",
            "side_data_list": [
                {
                    "side_data_type": "ICC profile",
                    "size": 456
                }
            ]
        },
        {
            "key_frame": 0,
            "pts": 258000,
            "pkt_dts": 258000,
            "best_effort_timestamp": 258000,
            "duration": 3000,
            "pict_type": "B",
            "side_data_list": [
                {
                    "side_data_type": "ICC profile",
                    "size": 456
                }
            ]
        },
        {
            "key_frame": 0,
            "pts": 261000,
            "pkt_dts": 261000,
            "best_effort_timestamp": 261000,
            "duration": 3000,
            "pict_type": "B",
            "side_data_list": [
                {
                    "side_data_type": "ICC profile",
                    "size": 456
                }
            ]
        },
        {
            "key_frame": 0,
            "pts": 264000,
            "pkt_dts": 264000,
            "best_effort_timestamp": 264000,
            "duration": 3000,
            "pict_type": "P",
            "side_data_list": [
                {
                    "side_data_type": "ICC profile",
                    "size": 456
                }
            ]
        },
        {
            "key_frame": 0,
            "pts": 267000,
            "pkt_dts": 267000,
            "best_effort_timestamp": 267000,
            "duration": 3000,
            "pict_type": "P",
            "side_data_list": [
                {
                    "side_data_type": "ICC profile",
                    "size": 456
                }
            ]
        },
        {
            "key_frame": 0,
            "pts": 270000,
            "pkt_dts": 270000,
            "best_effort_timestamp": 270000,
            "duration": 3000,
            "pict_type": "P",
            "side_data_list": [
                {
                    "side_data_type": "ICC profile",
                    "size": 456
                }
            ]
        },
        {
            "key_frame": 0,
            "pts": 273000,
            "pkt_dts": 273000,
            "best_effort_timestamp": 273000,
            "duration": 3000,
            "pict_type": "P",
            "side_data_list": [
                {
                    "side_data_type": "ICC profile",
                    "size": 456
                }
            ]
        },
        {
            "key_frame": 1,
            "pts": 276000,
            "pkt_dts": 276000,
            "best_effort_timestamp": 276000,
            "duration": 3000,
            "pict_type": "I",
            "side_data_list": [
                {
                    "side_data_type": "ICC profile",
                    "size": 456
                }
            ]
        },
        {
            "key_frame": 0,
            "pts": 279000,
            "pkt_dts": 279000,
            "best_effort_timestamp": 279000,
            "duration": 3000,
            "pict_type": "B",
            "side_data_list": [
                {
                    "side_data_type": "ICC profile",
                    "size": 456
                }
            ]
        },
        {
            "key_frame": 0,
            "pts": 282000,
            "pkt_dts": 282000,
            "best_effort_timestamp": 282000,
            "duration": 3000,
            "pict_type": "B",
            "side_data_list": [
                {
                    "side_data_type": "ICC profile",
                    "size": 456
                }
            ]
        },
        {
            "key_frame": 0,
            "pts": 285000,
            "pkt_dts": 285000,
            "best_effort_timestamp": 285000,
            "duration": 3000,
            "pict_type": "B",
            "side_data_list": [
                {
                    "side_data_type": "ICC profile",
                    "size": 456
                }
            ]
        },
        {
            "key_frame": 0,
            "pts": 288000,
            "pkt_dts": 288000,
            "best_effort_timestamp": 288000,
            "duration": 3000,
            "pict_type": "P",
            "side_data_list": [
                {
                    "side_data_type": "ICC profile",
                    "size": 456
                }
            ]
        },
        {
            "key_frame": 0,
            "pts": 291000,
            "pkt_dts": 291000,
            "best_effort_timestamp": 291000,
            "duration": 3000,
            "pict_type": "B",
            "side_data_list": [
                {
                    "side_data_type": "ICC profile",
                    "size": 456
                }
            ]
        },
        {
            "key_frame": 0,
            "pts": 294000,
            "pkt_dts": 294000,
            "best_effort_timestamp": 294000,
            "duration": 3000,
            "pict_type": "B",
            "side_data_list": [
                {
                    "side_data_type": "ICC profile",
                    "size": 456
                }
            ]
        },
        {
            "key_frame": 0,
            "pts": 297000,
            "pkt_dts": 297000,
            "best_effort_timestamp": 297000,
            "duration": 3000,
            "pict_type": "B",
            "side_data_list": [
                {
                    "side_data_type": "ICC profile",
                    "size": 456
                }
            ]
        },
        {
            "key_frame": 0,
            "pts": 300000,
            "pkt_dts": 300000,
            "best_effort_timestamp": 300000,
            "duration": 3000,
            "pict_type": "P",
            "side_data_list": [
                {
                    "side_data_type": "ICC profile",
                    "size": 456
                }
            ]
        },
        {
            "key_frame": 0,
            "pts": 303000,
            "pkt_dts": 303000,
            "best_effort_timestamp": 303000,
            "duration": 3000,
            "pict_type": "B",
            "side_data_list": [
                {
                    "side_data_type": "ICC profile",
                    "size": 456
                }
            ]
        },
        {
            "key_frame": 0,
            "pts": 306000,
            "pkt_dts": 306000,
            "best_effort_timestamp": 306000,
            "duration": 3000,
            "pict_type": "B",
            "side_data_list": [
                {
                    "side_data_type": "ICC profile",
                    "size": 456
                }
            ]
        },
        {
            "key_frame": 0,
            "pts": 309000,
            "pkt_dts": 309000,
            "best_effort_timestamp": 309000,
            "duration": 3000,
            "pict_type": "B",
            "side_data_list": [
                {
                    "side_data_type": "ICC profile",
                    "size": 456
                }
            ]
        },
        {
            "key_frame": 0,
            "pts": 312000,
            "pkt_dts": 312000,
            "best_effort_timestamp": 312000,
            "duration": 3000,
            "pict_type": "P",
            "side_data_list": [
                {
                    "side_data_type": "ICC profile",
                    "size": 456
                }
            ]
        },
        {
            "key_frame": 0,
            "pts": 315000,
            "pkt_dts": 315000,
            "best_effort_timestamp": 315000,
            "duration": 3000,
            "pict_type": "B",
            "side_data_list": [
                {
                    "side_data_type": "ICC profile",
                    "size": 456
                }
            ]
        },
        {
            "key_frame": 0,
            "pts": 318000,
            "pkt_dts": 318000,
            "best_effort_timestamp": 318000,
            "duration": 3000,
            "pict_type": "B",
            "side_data_list": [
                {
                    "side_data_type": "ICC profile",
                    "size": 456
                }
            ]
        },
        {
            "key_frame": 0,
            "pts": 321000,
            "pkt_dts": 321000,
            "best_effort_timestamp": 321000,
            "duration": 3000,
            "pict_type": "B",
            "side_data_list": [
                {
                    "side_data_type": "ICC profile",
                    "size": 456
                }
            ]
        },
        {
            "key_frame": 0,
            "pts": 324000,
            "pkt_dts": 324000,
            "best_effort_timestamp": 324000,
            "duration": 3000,
            "pict_type": "P",
            "side_data_list": [
                {
                    "side_data_type": "ICC profile",
                    "size": 456
                }
            ]
        },
        {
            "key_frame": 0,
            "pts": 327000,
            "pkt_dts": 327000,
            "best_effort_timestamp": 327000,
            "duration": 3000,
            "pict_type": "B",
            "side_data_list": [
                {
                    "side_data_type": "ICC profile",
                    "size": 456
                }
            ]
        },
        {
            "key_frame": 0,
            "pts": 330000,
            "pkt_dts": 330000,
            "best_effort_timestamp": 330000,
            "duration": 3000,
            "pict_type": "B",
            "side_data_list": [
                {
                    "side_data_type": "ICC profile",
                    "size": 456
                }
            ]
        },
        {
            "key_frame": 0,
            "pts": 333000,
            "pkt_dts": 333000,
            "best_effort_timestamp": 333000,
            "duration": 3000,
            "pict_type": "P",
            "side_data_list": [
                {
                    "side_data_type": "ICC profile",
                    "size": 456
                }
            ]
        },
        {
            "key_frame": 0,
            "pts": 336000,
            "pkt_dts": 336000,
            "best_effort_timestamp": 336000,
            "duration": 3000,
            "pict_type": "P",
            "side_data_list": [
                {
                    "side_data_type": "ICC profile",
                    "size": 456
                }
            ]
        },
        {
            "key_frame": 0,
            "pts": 339000,
            "pkt_dts": 339000,
            "best_effort_timestamp": 339000,
            "duration": 3000,
            "pict_type": "P",
            "side_data_list": [
                {
                    "side_data_type": "ICC profile",
                    "size": 456
                }
            ]
        },
        {
            "key_frame": 0,
            "pts": 342000,
            "pkt_dts": 342000,
            "best_effort_timestamp": 342000,
            "duration": 3000,
            "pict_type": "P",
            "side_data_list": [
                {
                    "side_data_type": "ICC profile",
                    "size": 456
                }
            ]
        },
        {
            "key_frame": 1,
            "pts": 345000,
            "pkt_dts": 345000,
            "best_effort_timestamp": 345000,
            "duration": 3000,
            "pict_type": "I",
            "side_data_list": [
                {
                    "side_data_type": "ICC profile",
                    "size": 456
                }
            ]
        },
        {
            "key_frame": 0,
            "pts": 348000,
            "pkt_dts": 348000,
            "best_effort_timestamp": 348000,
            "duration": 3000,
            "pict_type": "B",
            "side_data_list": [
                {
                    "side_data_type": "ICC profile",
                    "size": 456
                }
            ]
        },
        {
            "key_frame": 0,
            "pts": 351000,
            "pkt_dts": 351000,
            "best_effort_timestamp": 351000,
            "duration": 3000,
            "pict_type": "B",
            "side_data_list": [
                {
                    "side_data_type": "ICC profile",
                    "size": 456
                }
            ]
        },
        {
            "key_frame": 0,
            "pts": 354000,
            "pkt_dts": 354000,
            "best_effort_timestamp": 354000,
            "duration": 3000,
            "pict_type": "B",
            "side_data_list": [
                {
                    "side_data_type": "ICC profile",
                    "size": 456
                }
            ]
        },
        {
            "key_frame": 0,
            "pts": 357000,
            "pkt_dts": 357000,
            "best_effort_timestamp": 357000,
            "duration": 3000,
            "pict_type": "P",
            "side_data_list": [
                {
                    "side_data_type": "ICC profile",
                    "size": 456
                }
            ]
        },
        {
            "key_frame": 0,
            "pts": 360000,
            "pkt_dts": 360000,
            "best_effort_timestamp": 360000,
            "duration": 3000,
            "pict_type": "B",
            "side_data_list": [
                {
                    "side_data_type": "ICC profile",
                    "size": 456
                }
            ]
        },
        {
            "key_frame": 0,
            "pts": 363000,
            "pkt_dts": 363000,
            "best_effort_timestamp": 363000,
            "duration": 3000,
            "pict_type": "B",
            "side_data_list": [
                {
                    "side_data_type": "ICC profile",
                    "size": 456
                }
            ]
        },
        {
            "key_frame": 0,
            "pts": 366000,
            "pkt_dts": 366000,
            "best_effort_timestamp": 366000,
            "duration": 3000,
            "pict_type": "B",
            "side_data_list": [
                {
                    "side_data_type": "ICC profile",
                    "size": 456
                }
            ]
        },
        {
            "key_frame": 0,
            "pts": 369000,
            "pkt_dts": 369000,
            "best_effort_timestamp": 369000,
            "duration": 3000,
            "pict_type": "P",
            "side_data_list": [
                {
                    "side_data_type": "ICC profile",
                    "size": 456
                }
            ]
        },
        {
            "key_frame": 0,
            "pts": 372000,
            "pkt_dts": 372000,
            "best_effort_timestamp": 372000,
            "duration": 3000,
            "pict_type": "B",
            "side_data_list": [
                {
                    "side_data_type": "ICC profile",
                    "size": 456
                }
            ]
        },
        {
            "key_frame": 0,
            "pts": 375000,
            "pkt_dts": 375000,
            "best_effort_timestamp": 375000,
            "duration": 3000,
            "pict_type": "B",
            "side_data_list": [
                {
                    "side_data_type": "ICC profile",
                    "size": 456
                }
            ]
        },
        {
            "key_frame": 0,
            "pts": 378000,
            "pkt_dts": 378000,
            "best_effort_timestamp": 378000,
            "duration": 3000,
            "pict_type": "B",
            "side_data_list": [
                {
                    "side_data_type": "ICC profile",
                    "size": 456
                }
            ]
        },
        {
            "key_frame": 0,
            "pts": 381000,
            "pkt_dts": 381000,
            "best_effort_timestamp": 381000,
            "duration": 3000,
            "pict_type": "P",
            "side_data_list": [
                {
                    "side_data_type": "ICC profile",
                    "size": 456
                }
            ]
        },
        {
            "key_frame": 0,
            "pts": 384000,
            "pkt_dts": 384000,
            "best_effort_timestamp": 384000,
            "duration": 3000,
            "pict_type": "B",
            "side_data_list": [
                {
                    "side_data_type": "ICC profile",
                    "size": 456
                }
            ]
        },
        {
            "key_frame": 0,
            "pts": 387000,
            "pkt_dts": 387000,
            "best_effort_timestamp": 387000,
            "duration": 3000,
            "pict_type": "B",
            "side_data_list": [
                {
                    "side_data_type": "ICC profile",
                    "size": 456
                }
            ]
        },
        {
            "key_frame": 0,
            "pts": 390000,
            "pkt_dts": 390000,
            "best_effort_timestamp": 390000,
            "duration": 3000,
            "pict_type": "B",
            "side_data_list": [
                {
                    "side_data_type": "ICC profile",
                    "size": 456
                }
            ]
        },
        {
            "key_frame": 0,
            "pts": 393000,
            "pkt_dts": 393000,
            "best_effort_timestamp": 393000,
            "duration": 3000,
            "pict_type": "P",
            "side_data_list": [
                {
                    "side_data_type": "ICC profile",
                    "size": 456
                }
            ]
        },
        {
            "key_frame": 0,
            "pts": 396000,
            "pkt_dts": 396000,
            "best_effort_timestamp": 396000,
            "duration": 3000,
            "pict_type": "B",
            "side_data_list": [
                {
                    "side_data_type": "ICC profile",
                    "size": 456
                }
            ]
        },
        {
            "key_frame": 0,
            "pts": 399000,
            "pkt_dts": 399000,
            "best_effort_timestamp": 399000,
            "duration": 3000,
            "pict_type": "B",
            "side_data_list": [
                {
                    "side_data_type": "ICC profile",
                    "size": 456
                }
            ]
        },
        {
            "key_frame": 0,
            "pts": 402000,
            "pkt_dts": 402000,
            "best_effort_timestamp": 402000,
            "duration": 3000,
            "pict_type": "P",
            "side_data_list": [
                {
                    "side_data_type": "ICC profile",
                    "size": 456
                }
            ]
        },
        {
            "key_frame": 0,
            "pts": 405000,
            "pkt_dts": 405000,
            "best_effort_timestamp": 405000,
            "duration": 3000,
            "pict_type": "P",
            "side_data_list": [
                {
                    "side_data_type": "ICC profile",
                    "size": 456
                }
            ]
        },
        {
            "key_frame": 0,
            "pts": 408000,
            "pkt_dts": 408000,
            "best_effort_timestamp": 408000,
            "duration": 3000,
            "pict_type": "P",
            "side_data_list": [
                {
                    "side_data_type": "ICC profile",
                    "size": 456
                }
            ]
        },
        {
            "key_frame": 0,
            "pts": 411000,
            "pkt_dts": 411000,
            "best_effort_timestamp": 411000,
            "duration": 3000,
            "pict_type": "P",
            "side_data_list": [
                {
                    "side_data_type": "ICC profile",
                    "size": 456
                }
            ]
        },
        {
            "key_frame": 1,
            "pts": 414000,
            "pkt_dts": 414000,
            "best_effort_timestamp": 414000,
            "duration": 3000,
            "pict_type": "I",
            "side_data_list": [
                {
                    "side_data_type": "ICC profile",
                    "size": 456
                }
            ]
        },
        {
            "key_frame": 0,
            "pts": 417000,
            "pkt_dts": 417000,
            "best_effort_timestamp": 417000,
            "duration": 3000,
            "pict_type": "B",
            "side_data_list": [
                {
                    "side_data_type": "ICC profile",
                    "size": 456
                }
            ]
        },
        {
            "key_frame": 0,
            "pts": 420000,
            "pkt_dts": 420000,
            "best_effort_timestamp": 420000,
            "duration": 3000,
            "pict_type": "B",
            "side_data_list": [
                {
                    "side_data_type": "ICC profile",
                    "size": 456
                }
            ]
        },
        {
            "key_frame": 0,
            "pts": 423000,
            "pkt_dts": 423000,
            "best_effort_timestamp": 423000,
            "duration": 3000,
            "pict_type": "B",
            "side_data_list": [
                {
                    "side_data_type": "ICC profile",
                    "size": 456
                }
            ]
        },
        {
            "key_frame": 0,
            "pts": 426000,
            "pkt_dts": 426000,
            "best_effort_timestamp": 426000,
            "duration": 3000,
            "pict_type": "P",
            "side_data_list": [
                {
                    "side_data_type": "ICC profile",
                    "size": 456
                }
            ]
        },
        {
            "key_frame": 0,
            "pts": 429000,
            "pkt_dts": 429000,
            "best_effort_timestamp": 429000,
            "duration": 3000,
            "pict_type": "B",
            "side_data_list": [
                {
                    "side_data_type": "ICC profile",
                    "size": 456
                }
            ]
        },
        {
            "key_frame": 0,
            "pts": 432000,
            "pkt_dts": 432000,
            "best_effort_timestamp": 432000,
            "duration": 3000,
            "pict_type": "B",
            "side_data_list": [
                {
                    "side_data_type": "ICC profile",
                    "size": 456
                }
            ]
        },
        {
            "key_frame": 0,
            "pts": 435000,
            "pkt_dts": 435000,
            "best_effort_timestamp": 435000,
            "duration": 3000,
            "pict_type": "B",
            "side_data_list": [
                {
                    "side_data_type": "ICC profile",
                    "size": 456
                }
            ]
        },
        {
            "key_frame": 0,
            "pts": 438000,
            "pkt_dts": 438000,
            "best_effort_timestamp": 438000,
            "duration": 3000,
            "pict_type": "P",
            "side_data_list": [
                {
                    "side_data_type": "ICC profile",
                    "size": 456
                }
            ]
        },
        {
            "key_frame": 0,
            "pts": 441000,
            "pkt_dts": 441000,
            "best_effort_timestamp": 441000,
            "duration": 3000,
            "pict_type": "B",
            "side_data_list": [
                {
                    "side_data_type": "ICC profile",
                    "size": 456
                }
            ]
        },
        {
            "key_frame": 0,
            "pts": 444000,
            "pkt_dts": 444000,
            "best_effort_timestamp": 444000,
            "duration": 3000,
            "pict_type": "B",
            "side_data_list": [
                {
                    "side_data_type": "ICC profile",
                    "size": 456
                }
            ]
        },
        {
            "key_frame": 0,
            "pts": 447000,
            "pkt_dts": 447000,
            "best_effort_timestamp": 447000,
            "duration": 3000,
            "pict_type": "B",
            "side_data_list": [
                {
                    "side_data_type": "ICC profile",
                    "size": 456
                }
            ]
        },
        {
            "key_frame": 0,
            "pts": 450000,
            "pkt_dts": 450000,
            "best_effort_timestamp": 450000,
            "duration": 3000,
            "pict_type": "P",
            "side_data_list": [
                {
                    "side_data_type": "ICC profile",
                    "size": 456
                }
            ]
        },
        {
            "key_frame": 0,
            "pts": 453000,
            "pkt_dts": 453000,
            "best_effort_timestamp": 453000,
            "duration": 3000,
            "pict_type": "B",
            "side_data_list": [
                {
                    "side_data_type": "ICC profile",
                    "size": 456
                }
            ]
        },
        {
            "key_frame": 0,
            "pts": 456000,
            "pkt_dts": 456000,
            "best_effort_timestamp": 456000,
            "duration": 3000,
            "pict_type": "B",
            "side_data_list": [
                {
                    "side_data_type": "ICC profile",
                    "size": 456
                }
            ]
        },
        {
            "key_frame": 0,
            "pts": 459000,
            "pkt_dts": 459000,
            "best_effort_timestamp": 459000,
            "duration": 3000,
            "pict_type": "B",
            "side_data_list": [
                {
                    "side_data_type": "ICC profile",
                    "size": 456
                }
            ]
        },
        {
            "key_frame": 0,
            "pts": 462000,
            "pkt_dts": 462000,
            "best_effort_timestamp": 462000,
            "duration": 3000,
            "pict_type": "P",
            "side_data_list": [
                {
                    "side_data_type": "ICC profile",
                    "size": 456
                }
            ]
        },
        {
            "key_frame": 0,
            "pts": 465000,
            "pkt_dts": 465000,
            "best_effort_timestamp": 465000,
            "duration": 3000,
            "pict_type": "B",
            "side_data_list": [
                {
                    "side_data_type": "ICC profile",
                    "size": 456
                }
            ]
        },
        {
            "key_frame": 0,
            "pts": 468000,
            "pkt_dts": 468000,
            "best_effort_timestamp": 468000,
            "duration": 3000,
            "pict_type": "B",
            "side_data_list": [
                {
                    "side_data_type": "ICC profile",
                    "size": 456
                }
            ]
        },
        {
            "key_frame": 0,
            "pts": 471000,
            "pkt_dts": 471000,
            "best_effort_timestamp": 471000,
            "duration": 3000,
            "pict_type": "P",
            "side_data_list": [
                {
                    "side_data_type": "ICC profile",
                    "size": 456
                }
            ]
        },
        {
            "key_frame": 0,
            "pts": 474000,
            "pkt_dts": 474000,
            "best_effort_timestamp": 474000,
            "duration": 3000,
            "pict_type": "P",
            "side_data_list": [
                {
                    "side_data_type": "ICC profile",
                    "size": 456
                }
            ]
        },
        {
            "key_frame": 0,
            "pts": 477000,
            "pkt_dts": 477000,
            "best_effort_timestamp": 477000,
            "duration": 3000,
            "pict_type": "P",
            "side_data_list": [
                {
                    "side_data_type": "ICC profile",
                    "size": 456
                }
            ]
        },
        {
            "key_frame": 0,
            "pts": 480000,
            "pkt_dts": 480000,
            "best_effort_timestamp": 480000,
            "duration": 3000,
            "pict_type": "P",
            "side_data_list": [
                {
                    "side_data_type": "ICC profile",
                    "size": 456
                }
            ]
        },
        {
            "key_frame": 1,
            "pts": 483000,
            "pkt_dts": 483000,
            "best_effort_timestamp": 483000,
            "duration": 3000,
            "pict_type": "I",
            "side_data_list": [
                {
                    "side_data_type": "ICC profile",
                    "size": 456
                }
            ]
        },
        {
            "key_frame": 0,
            "pts": 486000,
            "pkt_dts": 486000,
            "best_effort_timestamp": 486000,
            "duration": 3000,
            "pict_type": "B",
            "side_data_list": [
                {
                    "side_data_type": "ICC profile",
                    "size": 456
                }
            ]
        },
        {
            "key_frame": 0,
            "pts": 489000,
            "pkt_dts": 489000,
            "best_effort_timestamp": 489000,
            "duration": 3000,
            "pict_type": "B",
            "side_data_list": [
                {
                    "side_data_type": "ICC profile",
                    "size": 456
                }
            ]
        },
        {
            "key_frame": 0,
            "pts": 492000,
            "pkt_dts": 492000,
            "best_effort_timestamp": 492000,
            "duration": 3000,
            "pict_type": "B",
            "side_data_list": [
                {
                    "side_data_type": "ICC profile",
                    "size": 456
                }
            ]
        },
        {
            "key_frame": 0,
            "pts": 495000,
            "pkt_dts": 495000,
            "best_effort_timestamp": 495000,
            "duration": 3000,
            "pict_type": "P",
            "side_data_list": [
                {
                    "side_data_type": "ICC profile",
                    "size": 456
                }
            ]
        },
        {
            "key_frame": 0,
            "pts": 498000,
            "pkt_dts": 498000,
            "best_effort_timestamp": 498000,
            "duration": 3000,
            "pict_type": "B",
            "side_data_list": [
                {
                    "side_data_type": "ICC profile",
                    "size": 456
                }
            ]
        },
        {
            "key_frame": 0,
            "pts": 501000,
            "pkt_dts": 501000,
            "best_effort_timestamp": 501000,
            "duration": 3000,
            "pict_type": "B",
            "side_data_list": [
                {
                    "side_data_type": "ICC profile",
                    "size": 456
                }
            ]
        },
        {
            "key_frame": 0,
            "pts": 504000,
            "pkt_dts": 504000,
            "best_effort_timestamp": 504000,
            "duration": 3000,
            "pict_type": "B",
            "side_data_list": [
                {
                    "side_data_type": "ICC profile",
                    "size": 456
                }
            ]
        },
        {
            "key_frame": 0,
            "pts": 507000,
            "pkt_dts": 507000,
            "best_effort_timestamp": 507000,
            "duration": 3000,
            "pict_type": "P",
            "side_data_list": [
                {
                    "side_data_type": "ICC profile",
                    "size": 456
                }
            ]
        },
        {
            "key_frame": 0,
            "pts": 510000,
            "pkt_dts": 510000,
            "best_effort_timestamp": 510000,
            "duration": 3000,
            "pict_type": "B",
            "side_data_list": [
                {
                    "side_data_type": "ICC profile",
                    "size": 456
                }
            ]
        },
        {
            "key_frame": 0,
            "pts": 513000,
            "pkt_dts": 513000,
            "best_effort_timestamp": 513000,
            "duration": 3000,
            "pict_type": "B",
            "side_data_list": [
                {
                    "side_data_type": "ICC profile",
                    "size": 456
                }
            ]
        },
        {
            "key_frame": 0,
            "pts": 516000,
            "pkt_dts": 516000,
            "best_effort_timestamp": 516000,
            "duration": 3000,
            "pict_type": "B",
            "side_data_list": [
                {
                    "side_data_type": "ICC profile",
                    "size": 456
                }
            ]
        },
        {
            "key_frame": 0,
            "pts": 519000,
            "pkt_dts": 519000,
            "best_effort_timestamp": 519000,
            "duration": 3000,
            "pict_type": "P",
            "side_data_list": [
                {
                    "side_data_type": "ICC profile",
                    "size": 456
                }
            ]
        },
        {
            "key_frame": 0,
            "pts": 522000,
            "pkt_dts": 522000,
            "best_effort_timestamp": 522000,
            "duration": 3000,
            "pict_type": "B",
            "side_data_list": [
                {
                    "side_data_type": "ICC profile",
                    "size": 456
                }
            ]
        },
        {
            "key_frame": 0,
            "pts": 525000,
            "pkt_dts": 525000,
            "best_effort_timestamp": 525000,
            "duration": 3000,
            "pict_type": "B",
            "side_data_list": [
                {
                    "side_data_type": "ICC profile",
                    "size": 456
                }
            ]
        },
        {
            "key_frame": 0,
            "pts": 528000,
            "pkt_dts": 528000,
            "best_effort_timestamp": 528000,
            "duration": 3000,
            "pict_type": "B",
            "side_data_list": [
                {
                    "side_data_type": "ICC profile",
                    "size": 456
                }
            ]
        },
        {
            "key_frame": 0,
            "pts": 531000,
            "pkt_dts": 531000,
            "best_effort_timestamp": 531000,
            "duration": 3000,
            "pict_type": "P",
            "side_data_list": [
                {
                    "side_data_type": "ICC profile",
                    "size": 456
                }
            ]
        },
        {
            "key_frame": 0,
            "pts": 534000,
            "pkt_dts": 534000,
            "best_effort_timestamp": 534000,
            "duration": 3000,
            "pict_type": "B",
            "side_data_list": [
                {
                    "side_data_type": "ICC profile",
                    "size": 456
                }
            ]
        },
        {
            "key_frame": 0,
            "pts": 537000,
            "pkt_dts": 537000,
            "best_effort_timestamp": 537000,
            "duration": 3000,
            "pict_type": "B",
            "side_data_list": [
                {
                    "side_data_type": "ICC profile",
                    "size": 456
                }
            ]
        },
        {
            "key_frame": 0,
            "pts": 540000,
            "pkt_dts": 540000,
            "best_effort_timestamp": 540000,
            "duration": 3000,
            "pict_type": "P",
            "side_data_list": [
                {
                    "side_data_type": "ICC profile",
                    "size": 456
                }
            ]
        },
        {
            "key_frame": 0,
            "pts": 543000,
            "pkt_dts": 543000,
            "best_effort_timestamp": 543000,
            "duration": 3000,
            "pict_type": "P",
            "side_data_list": [
                {
                    "side_data_type": "ICC profile",
                    "size": 456
                }
            ]
        },
        {
            "key_frame": 0,
            "pts": 546000,
            "pkt_dts": 546000,
            "best_effort_timestamp": 546000,
            "duration": 3000,
            "pict_type": "P",
            "side_data_list": [
                {
                    "side_data_type": "ICC profile",
                    "size": 456
                }
            ]
        },
        {
            "key_frame": 0,
            "pts": 549000,
            "pkt_dts": 549000,
            "best_effort_timestamp": 549000,
            "duration": 3000,
            "pict_type": "P",
            "side_data_list": [
                {
                    "side_data_type": "ICC profile",
                    "size": 456
                }
            ]
        },
        {
            "key_frame": 1,
            "pts": 552000,
            "pkt_dts": 552000,
            "best_effort_timestamp": 552000,
            "duration": 3000,
            "pict_type": "I",
            "side_data_list": [
                {
                    "side_data_type": "ICC profile",
                    "size": 456
                }
            ]
        },
        {
            "key_frame": 0,
            "pts": 555000,
            "pkt_dts": 555000,
            "best_effort_timestamp": 555000,
            "duration": 3000,
            "pict_type": "B",
            "side_data_list": [
                {
                    "side_data_type": "ICC profile",
                    "size": 456
                }
            ]
        },
        {
            "key_frame": 0,
            "pts": 558000,
            "pkt_dts": 558000,
            "best_effort_timestamp": 558000,
            "duration": 3000,
            "pict_type": "B",
            "side_data_list": [
                {
                    "side_data_type": "ICC profile",
                    "size": 456
                }
            ]
        },
        {
            "key_frame": 0,
            "pts": 561000,
            "pkt_dts": 561000,
            "best_effort_timestamp": 561000,
            "duration": 3000,
            "pict_type": "B",
            "side_data_list": [
                {
                    "side_data_type": "ICC profile",
                    "size": 456
                }
            ]
        },
        {
            "key_frame": 0,
            "pts": 564000,
            "pkt_dts": 564000,
            "best_effort_timestamp": 564000,
            "duration": 3000,
            "pict_type": "P",
            "side_data_list": [
                {
                    "side_data_type": "ICC profile",
                    "size": 456
                }
            ]
        },
        {
            "key_frame": 0,
            "pts": 567000,
            "pkt_dts": 567000,
            "best_effort_timestamp": 567000,
            "duration": 3000,
            "pict_type": "B",
            "side_data_list": [
                {
                    "side_data_type": "ICC profile",
                    "size": 456
                }
            ]
        },
        {
            "key_frame": 0,
            "pts": 570000,
            "pkt_dts": 570000,
            "best_effort_timestamp": 570000,
            "duration": 3000,
            "pict_type": "B",
            "side_data_list": [
                {
                    "side_data_type": "ICC profile",
                    "size": 456
                }
            ]
        },
        {
            "key_frame": 0,
            "pts": 573000,
            "pkt_dts": 573000,
            "best_effort_timestamp": 573000,
            "duration": 3000,
            "pict_type": "B",
            "side_data_list": [
                {
                    "side_data_type": "ICC profile",
                    "size": 456
                }
            ]
        },
        {
            "key_frame": 0,
            "pts": 576000,
            "pkt_dts": 576000,
            "best_effort_timestamp": 576000,
            "duration": 3000,
            "pict_type": "P",
            "side_data_list": [
                {
                    "side_data_type": "ICC profile",
                    "size": 456
                }
            ]
        },
        {
            "key_frame": 0,
            "pts": 579000,
            "pkt_dts": 579000,
            "best_effort_timestamp": 579000,
            "duration": 3000,
            "pict_type": "B",
            "side_data_list": [
                {
                    "side_data_type": "ICC profile",
                    "size": 456
                }
            ]
        },
        {
            "key_frame": 0,
            "pts": 582000,
            "pkt_dts": 582000,
            "best_effort_timestamp": 582000,
            "duration": 3000,
            "pict_type": "B",
            "side_data_list": [
                {
                    "side_data_type": "ICC profile",
                    "size": 456
                }
            ]
        },
        {
            "key_frame": 0,
            "pts": 585000,
            "pkt_dts": 585000,
            "best_effort_timestamp": 585000,
            "duration": 3000,
            "pict_type": "B",
            "side_data_list": [
                {
                    "side_data_type": "ICC profile",
                    "size": 456
                }
            ]
        },
        {
            "key_frame": 0,
            "pts": 588000,
            "pkt_dts": 588000,
            "best_effort_timestamp": 588000,
            "duration": 3000,
            "pict_type": "P",
            "side_data_list": [
                {
                    "side_data_type": "ICC profile",
                    "size": 456
                }
            ]
        },
        {
            "key_frame": 0,
            "pts": 591000,
            "pkt_dts": 591000,
            "best_effort_timestamp": 591000,
            "duration": 3000,
            "pict_type": "B",
            "side_data_list": [
                {
                    "side_data_type": "ICC profile",
                    "size": 456
                }
            ]
        },
        {
            "key_frame": 0,
            "pts": 594000,
            "pkt_dts": 594000,
            "best_effort_timestamp": 594000,
            "duration": 3000,
            "pict_type": "B",
            "side_data_list": [
                {
                    "side_data_type": "ICC profile",
                    "size": 456
                }
            ]
        },
        {
            "key_frame": 0,
            "pts": 597000,
            "pkt_dts": 597000,
            "best_effort_timestamp": 597000,
            "duration": 3000,
            "pict_type": "B",
            "side_data_list": [
                {
                    "side_data_type": "ICC profile",
                    "size": 456
                }
            ]
        },
        {
            "key_frame": 0,
            "pts": 600000,
            "pkt_dts": 600000,
            "best_effort_timestamp": 600000,
            "duration": 3000,
            "pict_type": "P",
            "side_data_list": [
                {
                    "side_data_type": "ICC profile",
                    "size": 456
                }
            ]
        },
        {
            "key_frame": 0,
            "pts": 603000,
            "pkt_dts": 603000,
            "best_effort_timestamp": 603000,
            "duration": 3000,
            "pict_type": "B",
            "side_data_list": [
                {
                    "side_data_type": "ICC profile",
                    "size": 456
                }
            ]
        },
        {
            "key_frame": 0,
            "pts": 606000,
            "pkt_dts": 606000,
            "best_effort_timestamp": 606000,
            "duration": 3000,
            "pict_type": "B",
            "side_data_list": [
                {
                    "side_data_type": "ICC profile",
                    "size": 456
                }
            ]
        },
        {
            "key_frame": 0,
            "pts": 609000,
            "pkt_dts": 609000,
            "best_effort_timestamp": 609000,
            "duration": 3000,
            "pict_type": "P",
            "side_data_list": [
                {
                    "side_data_type": "ICC profile",
                    "size": 456
                }
            ]
        },
        {
            "key_frame": 0,
            "pts": 612000,
            "pkt_dts": 612000,
            "best_effort_timestamp": 612000,
            "duration": 3000,
            "pict_type": "P",
            "side_data_list": [
                {
                    "side_data_type": "ICC profile",
                    "size": 456
                }
            ]
        },
        {
            "key_frame": 0,
            "pts": 615000,
            "pkt_dts": 615000,
            "best_effort_timestamp": 615000,
            "duration": 3000,
            "pict_type": "P",
            "side_data_list": [
                {
                    "side_data_type": "ICC profile",
                    "size": 456
                }
            ]
        },
        {
            "key_frame": 0,
            "pts": 618000,
            "pkt_dts": 618000,
            "best_effort_timestamp": 618000,
            "duration": 3000,
            "pict_type": "P",
            "side_data_list": [
                {
                    "side_data_type": "ICC profile",
                    "size": 456
                }
            ]
        },
        {
            "key_frame": 1,
            "pts": 621000,
            "pkt_dts": 621000,
            "best_effort_timestamp": 621000,
            "duration": 3000,
            "pict_type": "I",
            "side_data_list": [
                {
                    "side_data_type": "ICC profile",
                    "size": 456
                }
            ]
        },
        {
            "key_frame": 0,
            "pts": 624000,
            "pkt_dts": 624000,
            "best_effort_timestamp": 624000,
            "duration": 3000,
            "pict_type": "B",
            "side_data_list": [
                {
                    "side_data_type": "ICC profile",
                    "size": 456
                }
            ]
        },
        {
            "key_frame": 0,
            "pts": 627000,
            "pkt_dts": 627000,
            "best_effort_timestamp": 627000,
            "duration": 3000,
            "pict_type": "B",
            "side_data_list": [
                {
                    "side_data_type": "ICC profile",
                    "size": 456
                }
            ]
        },
        {
            "key_frame": 0,
            "pts": 630000,
            "pkt_dts": 630000,
            "best_effort_timestamp": 630000,
            "duration": 3000,
            "pict_type": "B",
            "side_data_list": [
                {
                    "side_data_type": "ICC profile",
                    "size": 456
                }
            ]
        },
        {
            "key_frame": 0,
            "pts": 633000,
            "pkt_dts": 633000,
            "best_effort_timestamp": 633000,
            "duration": 3000,
            "pict_type": "P",
            "side_data_list": [
                {
                    "side_data_type": "ICC profile",
                    "size": 456
                }
            ]
        },
        {
            "key_frame": 0,
            "pts": 636000,
            "pkt_dts": 636000,
            "best_effort_timestamp": 636000,
            "duration": 3000,
            "pict_type": "B",
            "side_data_list": [
                {
                    "side_data_type": "ICC profile",
                    "size": 456
                }
            ]
        },
        {
            "key_frame": 0,
            "pts": 639000,
            "pkt_dts": 639000,
            "best_effort_timestamp": 639000,
            "duration": 3000,
            "pict_type": "B",
            "side_data_list": [
                {
                    "side_data_type": "ICC profile",
                    "size": 456
                }
            ]
        },
        {
            "key_frame": 0,
            "pts": 642000,
            "pkt_dts": 642000,
            "best_effort_timestamp": 642000,
            "duration": 3000,
            "pict_type": "B",
            "side_data_list": [
                {
                    "side_data_type": "ICC profile",
                    "size": 456
                }
            ]
        },
        {
            "key_frame": 0,
            "pts": 645000,
            "pkt_dts": 645000,
            "best_effort_timestamp": 645000,
            "duration": 3000,
            "pict_type": "P",
            "side_data_list": [
                {
                    "side_data_type": "ICC profile",
                    "size": 456
                }
            ]
        },
        {
            "key_frame": 0,
            "pts": 648000,
            "pkt_dts": 648000,
            "best_effort_timestamp": 648000,
            "duration": 3000,
            "pict_type": "B",
            "side_data_list": [
                {
                    "side_data_type": "ICC profile",
                    "size": 456
                }
            ]
        },
        {
            "key_frame": 0,
            "pts": 651000,
            "pkt_dts": 651000,
            "best_effort_timestamp": 651000,
            "duration": 3000,
            "pict_type": "B",
            "side_data_list": [
                {
                    "side_data_type": "ICC profile",
                    "size": 456
                }
            ]
        },
        {
            "key_frame": 0,
            "pts": 654000,
            "pkt_dts": 654000,
            "best_effort_timestamp": 654000,
            "duration": 3000,
            "pict_type": "B",
            "side_data_list": [
                {
                    "side_data_type": "ICC profile",
                    "size": 456
                }
            ]
        },
        {
            "key_frame": 0,
            "pts": 657000,
            "pkt_dts": 657000,
            "best_effort_timestamp": 657000,
            "duration": 3000,
            "pict_type": "P",
            "side_data_list": [
                {
                    "side_data_type": "ICC profile",
                    "size": 456
                }
            ]
        },
        {
            "key_frame": 0,
            "pts": 660000,
            "pkt_dts": 660000,
            "best_effort_timestamp": 660000,
            "duration": 3000,
            "pict_type": "B",
            "side_data_list": [
                {
                    "side_data_type": "ICC profile",
                    "size": 456
                }
            ]
        },
        {
            "key_frame": 0,
            "pts": 663000,
            "pkt_dts": 663000,
            "best_effort_timestamp": 663000,
            "duration": 3000,
            "pict_type": "B",
            "side_data_list": [
                {
                    "side_data_type": "ICC profile",
                    "size": 456
                }
            ]
        },
        {
            "key_frame": 0,
            "pts": 666000,
            "pkt_dts": 666000,
            "best_effort_timestamp": 666000,
            "duration": 3000,
            "pict_type": "B",
            "side_data_list": [
                {
                    "side_data_type": "ICC profile",
                    "size": 456
                }
            ]
        },
        {
            "key_frame": 0,
            "pts": 669000,
            "pkt_dts": 669000,
            "best_effort_timestamp": 669000,
            "duration": 3000,
            "pict_type": "P",
            "side_data_list": [
                {
                    "side_data_type": "ICC profile",
                    "size": 456
                }
            ]
        },
        {
            "key_frame": 0,
            "pts": 672000,
            "pkt_dts": 672000,
            "best_effort_timestamp": 672000,
            "duration": 3000,
            "pict_type": "B",
            "side_data_list": [
                {
                    "side_data_type": "ICC profile",
                    "size": 456
                }
            ]
        },
        {
            "key_frame": 0,
            "pts": 675000,
            "pkt_dts": 675000,
            "best_effort_timestamp": 675000,
            "duration": 3000,
            "pict_type": "B",
            "side_data_list": [
                {
                    "side_data_type": "ICC profile",
                    "size": 456
                }
            ]
        },
        {
            "key_frame": 0,
            "pts": 678000,
            "pkt_dts": 678000,
            "best_effort_timestamp": 678000,
            "duration": 3000,
            "pict_type": "P",
            "side_data_list": [
                {
                    "side_data_type": "ICC profile",
                    "size": 456
                }
            ]
        },
        {
            "key_frame": 0,
            "pts": 681000,
            "pkt_dts": 681000,
            "best_effort_timestamp": 681000,
            "duration": 3000,
            "pict_type": "P",
            "side_data_list": [
                {
                    "side_data_type": "ICC profile",
                    "size": 456
                }
            ]
        },
        {
            "key_frame": 0,
            "pts": 684000,
            "pkt_dts": 684000,
            "best_effort_timestamp": 684000,
            "duration": 3000,
            "pict_type": "P",
            "side_data_list": [
                {
                    "side_data_type": "ICC profile",
                    "size": 456
                }
            ]
        },
        {
            "key_frame": 0,
            "pts": 687000,
            "pkt_dts": 687000,
            "best_effort_timestamp": 687000,
            "duration": 3000,
            "pict_type": "P",
            "side_data_list": [
                {
                    "side_data_type": "ICC profile",
                    "size": 456
                }
            ]
        },
        {
            "key_frame": 1,
            "pts": 690000,
            "pkt_dts": 690000,
            "best_effort_timestamp": 690000,
            "duration": 3000,
            "pict_type": "I",
            "side_data_list": [
                {
                    "side_data_type": "ICC profile",
                    "size": 456
                }
            ]
        },
        {
            "key_frame": 0,
            "pts": 693000,
            "pkt_dts": 693000,
            "best_effort_timestamp": 693000,
            "duration": 3000,
            "pict_type": "B",
            "side_data_list": [
                {
                    "side_data_type": "ICC profile",
                    "size": 456
                }
            ]
        },
        {
            "key_frame": 0,
            "pts": 696000,
            "pkt_dts": 696000,
            "best_effort_timestamp": 696000,
            "duration": 3000,
            "pict_type": "B",
            "side_data_list": [
                {
                    "side_data_type": "ICC profile",
                    "size": 456
                }
            ]
        },
        {
            "key_frame": 0,
            "pts": 699000,
            "pkt_dts": 699000,
            "best_effort_timestamp": 699000,
            "duration": 3000,
            "pict_type": "B",
            "side_data_list": [
                {
                    "side_data_type": "ICC profile",
                    "size": 456
                }
            ]
        },
        {
            "key_frame": 0,
            "pts": 702000,
            "pkt_dts": 702000,
            "best_effort_timestamp": 702000,
            "duration": 3000,
            "pict_type": "P",
            "side_data_list": [
                {
                    "side_data_type": "ICC profile",
                    "size": 456
                }
            ]
        },
        {
            "key_frame": 0,
            "pts": 705000,
            "pkt_dts": 705000,
            "best_effort_timestamp": 705000,
            "duration": 3000,
            "pict_type": "B",
            "side_data_list": [
                {
                    "side_data_type": "ICC profile",
                    "size": 456
                }
            ]
        },
        {
            "key_frame": 0,
            "pts": 708000,
            "pkt_dts": 708000,
            "best_effort_timestamp": 708000,
            "duration": 3000,
            "pict_type": "B",
            "side_data_list": [
                {
                    "side_data_type": "ICC profile",
                    "size": 456
                }
            ]
        },
        {
            "key_frame": 0,
            "pts": 711000,
            "pkt_dts": 711000,
            "best_effort_timestamp": 711000,
            "duration": 3000,
            "pict_type": "B",
            "side_data_list": [
                {
                    "side_data_type": "ICC profile",
                    "size": 456
                }
            ]
        },
        {
            "key_frame": 0,
            "pts": 714000,
            "pkt_dts": 714000,
            "best_effort_timestamp": 714000,
            "duration": 3000,
            "pict_type": "P",
            "side_data_list": [
                {
                    "side_data_type": "ICC profile",
                    "size": 456
                }
            ]
        },
        {
            "key_frame": 0,
            "pts": 717000,
            "pkt_dts": 717000,
            "best_effort_timestamp": 717000,
            "duration": 3000,
            "pict_type": "B",
            "side_data_list": [
                {
                    "side_data_type": "ICC profile",
                    "size": 456
                }
            ]
        },
        {
            "key_frame": 0,
            "pts": 720000,
            "pkt_dts": 720000,
            "best_effort_timestamp": 720000,
            "duration": 3000,
            "pict_type": "B",
            "side_data_list": [
                {
                    "side_data_type": "ICC profile",
                    "size": 456
                }
            ]
        },
        {
            "key_frame": 0,
            "pts": 723000,
            "pkt_dts": 723000,
            "best_effort_timestamp": 723000,
            "duration": 3000,
            "pict_type": "B",
            "side_data_list": [
                {
                    "side_data_type": "ICC profile",
                    "size": 456
                }
            ]
        },
        {
            "key_frame": 0,
            "pts": 726000,
            "pkt_dts": 726000,
            "best_effort_timestamp": 726000,
            "duration": 3000,
            "pict_type": "P",
            "side_data_list": [
                {
                    "side_data_type": "ICC profile",
                    "size": 456
                }
            ]
        },
        {
            "key_frame": 0,
            "pts": 729000,
            "pkt_dts": 729000,
            "best_effort_timestamp": 729000,
            "duration": 3000,
            "pict_type": "B",
            "side_data_list": [
                {
                    "side_data_type": "ICC profile",
                    "size": 456
                }
            ]
        },
        {
            "key_frame": 0,
            "pts": 732000,
            "pkt_dts": 732000,
            "best_effort_timestamp": 732000,
            "duration": 3000,
            "pict_type": "B",
            "side_data_list": [
                {
                    "side_data_type": "ICC profile",
                    "size": 456
                }
            ]
        },
        {
            "key_frame": 0,
            "pts": 735000,
            "pkt_dts": 735000,
            "best_effort_timestamp": 735000,
            "duration": 3000,
            "pict_type": "B",
            "side_data_list": [
                {
                    "side_data_type": "ICC profile",
                    "size": 456
                }
            ]
        },
        {
            "key_frame": 0,
            "pts": 738000,
            "pkt_dts": 738000,
            "best_effort_timestamp": 738000,
            "duration": 3000,
            "pict_type": "P",
            "side_data_list": [
                {
                    "side_data_type": "ICC profile",
                    "size": 456
                }
            ]
        },
        {
            "key_frame": 0,
            "pts": 741000,
            "pkt_dts": 741000,
            "best_effort_timestamp": 741000,
            "duration": 3000,
            "pict_type": "B",
            "side_data_list": [
                {
                    "side_data_type": "ICC profile",
                    "size": 456
                }
            ]
        },
        {
            "key_frame": 0,
            "pts": 744000,
            "pkt_dts": 744000,
            "best_effort_timestamp": 744000,
            "duration": 3000,
            "pict_type": "B",
            "side_data_list": [
                {
                    "side_data_type": "ICC profile",
                    "size": 456
                }
            ]
        },
        {
            "key_frame": 0,
            "pts": 747000,
            "pkt_dts": 747000,
            "best_effort_timestamp": 747000,
            "duration": 3000,
            "pict_type": "P",
            "side_data_list": [
                {
                    "side_data_type": "ICC profile",
                    "size": 456
                }
            ]
        },
        {
            "key_frame": 0,
            "pts": 750000,
            "pkt_dts": 750000,
            "best_effort_timestamp": 750000,
            "duration": 3000,
            "pict_type": "P",
            "side_data_list": [
                {
                    "side_data_type": "ICC profile",
                    "size": 456
                }
            ]
        },
        {
            "key_frame": 0,
            "pts": 753000,
            "pkt_dts": 753000,
            "best_effort_timestamp": 753000,
            "duration": 3000,
            "pict_type": "P",
            "side_data_list": [
                {
                    "side_data_type": "ICC profile",
                    "size": 456
                }
            ]
        },
        {
            "key_frame": 0,
            "pts": 756000,
            "pkt_dts": 756000,
            "best_effort_timestamp": 756000,
            "duration": 3000,
            "pict_type": "P",
            "side_data_list": [
                {
                    "side_data_type": "ICC profile",
                    "size": 456
                }
            ]
        },
        {
            "key_frame": 1,
            "pts": 759000,
            "pkt_dts": 759000,
            "best_effort_timestamp": 759000,
            "duration": 3000,
            "pict_type": "I",
            "side_data_list": [
                {
                    "side_data_type": "ICC profile",
                    "size": 456
                }
            ]
        },
        {
            "key_frame": 0,
            "pts": 762000,
            "pkt_dts": 762000,
            "best_effort_timestamp": 762000,
            "duration": 3000,
            "pict_type": "B",
            "side_data_list": [
                {
                    "side_data_type": "ICC profile",
                    "size": 456
                }
            ]
        },
        {
            "key_frame": 0,
            "pts": 765000,
            "pkt_dts": 765000,
            "best_effort_timestamp": 765000,
            "duration": 3000,
            "pict_type": "B",
            "side_data_list": [
                {
                    "side_data_type": "ICC profile",
                    "size": 456
                }
            ]
        },
        {
            "key_frame": 0,
            "pts": 768000,
            "pkt_dts": 768000,
            "best_effort_timestamp": 768000,
            "duration": 3000,
            "pict_type": "B",
            "side_data_list": [
                {
                    "side_data_type": "ICC profile",
                    "size": 456
                }
            ]
        },
        {
            "key_frame": 0,
            "pts": 771000,
            "pkt_dts": 771000,
            "best_effort_timestamp": 771000,
            "duration": 3000,
            "pict_type": "P",
            "side_data_list": [
                {
                    "side_data_type": "ICC profile",
                    "size": 456
                }
            ]
        },
        {
            "key_frame": 0,
            "pts": 774000,
            "pkt_dts": 774000,
            "best_effort_timestamp": 774000,
            "duration": 3000,
            "pict_type": "B",
            "side_data_list": [
                {
                    "side_data_type": "ICC profile",
                    "size": 456
                }
            ]
        },
        {
            "key_frame": 0,
            "pts": 777000,
            "pkt_dts": 777000,
            "best_effort_timestamp": 777000,
            "duration": 3000,
            "pict_type": "B",
            "side_data_list": [
                {
                    "side_data_type": "ICC profile",
                    "size": 456
                }
            ]
        },
        {
            "key_frame": 0,
            "pts": 780000,
            "pkt_dts": 780000,
            "best_effort_timestamp": 780000,
            "duration": 3000,
            "pict_type": "B",
            "side_data_list": [
                {
                    "side_data_type": "ICC profile",
                    "size": 456
                }
            ]
        },
        {
            "key_frame": 0,
            "pts": 783000,
            "pkt_dts": 783000,
            "best_effort_timestamp": 783000,
            "duration": 3000,
            "pict_type": "P",
            "side_data_list": [
                {
                    "side_data_type": "ICC profile",
                    "size": 456
                }
            ]
        },
        {
            "key_frame": 0,
            "pts": 786000,
            "pkt_dts": 786000,
            "best_effort_timestamp": 786000,
            "duration": 3000,
            "pict_type": "B",
            "side_data_list": [
                {
                    "side_data_type": "ICC profile",
                    "size": 456
                }
            ]
        },
        {
            "key_frame": 0,
            "pts": 789000,
            "pkt_dts": 789000,
            "best_effort_timestamp": 789000,
            "duration": 3000,
            "pict_type": "B",
            "side_data_list": [
                {
                    "side_data_type": "ICC profile",
                    "size": 456
                }
            ]
        },
        {
            "key_frame": 0,
            "pts": 792000,
            "pkt_dts": 792000,
            "best_effort_timestamp": 792000,
            "duration": 3000,
            "pict_type": "B",
            "side_data_list": [
                {
                    "side_data_type": "ICC profile",
                    "size": 456
                }
            ]
        },
        {
            "key_frame": 0,
            "pts": 795000,
            "pkt_dts": 795000,
            "best_effort_timestamp": 795000,
            "duration": 3000,
            "pict_type": "P",
            "side_data_list": [
                {
                    "side_data_type": "ICC profile",
                    "size": 456
                }
            ]
        },
        {
            "key_frame": 0,
            "pts": 798000,
            "pkt_dts": 798000,
            "best_effort_timestamp": 798000,
            "duration": 3000,
            "pict_type": "B",
            "side_data_list": [
                {
                    "side_data_type": "ICC profile",
                    "size": 456
                }
            ]
        },
        {
            "key_frame": 0,
            "pts": 801000,
            "pkt_dts": 801000,
            "best_effort_timestamp": 801000,
            "duration": 3000,
            "pict_type": "B",
            "side_data_list": [
                {
                    "side_data_type": "ICC profile",
                    "size": 456
                }
            ]
        },
        {
            "key_frame": 0,
            "pts": 804000,
            "pkt_dts": 804000,
            "best_effort_timestamp": 804000,
            "duration": 3000,
            "pict_type": "B",
            "side_data_list": [
                {
                    "side_data_type": "ICC profile",
                    "size": 456
                }
            ]
        },
        {
            "key_frame": 0,
            "pts": 807000,
            "pkt_dts": 807000,
            "best_effort_timestamp": 807000,
            "duration": 3000,
            "pict_type": "P",
            "side_data_list": [
                {
                    "side_data_type": "ICC profile",
                    "size": 456
                }
            ]
        },
        {
            "key_frame": 0,
            "pts": 810000,
            "pkt_dts": 810000,
            "best_effort_timestamp": 810000,
            "duration": 3000,
            "pict_type": "B",
            "side_data_list": [
                {
                    "side_data_type": "ICC profile",
                    "size": 456
                }
            ]
        },
        {
            "key_frame": 0,
            "pts": 813000,
            "pkt_dts": 813000,
            "best_effort_timestamp": 813000,
            "duration": 3000,
            "pict_type": "B",
            "side_data_list": [
                {
                    "side_data_type": "ICC profile",
                    "size": 456
                }
            ]
        },
        {
            "key_frame": 0,
            "pts": 816000,
            "pkt_dts": 816000,
            "best_effort_timestamp": 816000,
            "duration": 3000,
            "pict_type": "P",
            "side_data_list": [
                {
                    "side_data_type": "ICC profile",
                    "size": 456
                }
            ]
        },
        {
            "key_frame": 0,
            "pts": 819000,
            "pkt_dts": 819000,
            "best_effort_timestamp": 819000,
            "duration": 3000,
            "pict_type": "P",
            "side_data_list": [
                {
                    "side_data_type": "ICC profile",
                    "size": 456
                }
            ]
        },
        {
            "key_frame": 0,
            "pts": 822000,
            "pkt_dts": 822000,
            "best_effort_timestamp": 822000,
            "duration": 3000,
            "pict_type": "P",
            "side_data_list": [
                {
                    "side_data_type": "ICC profile",
                    "size": 456
                }
            ]
        },
        {
            "key_frame": 0,
            "pts": 825000,
            "pkt_dts": 825000,
            "best_effort_timestamp": 825000,
            "duration": 3000,
            "pict_type": "P",
            "side_data_list": [
                {
                    "side_data_type": "ICC profile",
                    "size": 456
                }
            ]
        },
        {
            "key_frame": 1,
            "pts": 828000,
            "pkt_dts": 828000,
            "best_effort_timestamp": 828000,
            "duration": 3000,
            "pict_type": "I",
            "side_data_list": [
                {
                    "side_data_type": "ICC profile",
                    "size": 456
                }
            ]
        },
        {
            "key_frame": 0,
            "pts": 831000,
            "pkt_dts": 831000,
            "best_effort_timestamp": 831000,
            "duration": 3000,
            "pict_type": "B",
            "side_data_list": [
                {
                    "side_data_type": "ICC profile",
                    "size": 456
                }
            ]
        },
        {
            "key_frame": 0,
            "pts": 834000,
            "pkt_dts": 834000,
            "best_effort_timestamp": 834000,
            "duration": 3000,
            "pict_type": "B",
            "side_data_list": [
                {
                    "side_data_type": "ICC profile",
                    "size": 456
                }
            ]
        },
        {
            "key_frame": 0,
            "pts": 837000,
            "pkt_dts": 837000,
            "best_effort_timestamp": 837000,
            "duration": 3000,
            "pict_type": "B",
            "side_data_list": [
                {
                    "side_data_type": "ICC profile",
                    "size": 456
                }
            ]
        },
        {
            "key_frame": 0,
            "pts": 840000,
            "pkt_dts": 840000,
            "best_effort_timestamp": 840000,
            "duration": 3000,
            "pict_type": "P",
            "side_data_list": [
                {
                    "side_data_type": "ICC profile",
                    "size": 456
                }
            ]
        },
        {
            "key_frame": 0,
            "pts": 843000,
            "pkt_dts": 843000,
            "best_effort_timestamp": 843000,
            "duration": 3000,
            "pict_type": "B",
            "side_data_list": [
                {
                    "side_data_type": "ICC profile",
                    "size": 456
                }
            ]
        },
        {
            "key_frame": 0,
            "pts": 846000,
            "pkt_dts": 846000,
            "best_effort_timestamp": 846000,
            "duration": 3000,
            "pict_type": "B",
            "side_data_list": [
                {
                    "side_data_type": "ICC profile",
                    "size": 456
                }
            ]
        },
        {
            "key_frame": 0,
            "pts": 849000,
            "pkt_dts": 849000,
            "best_effort_timestamp": 849000,
            "duration": 3000,
            "pict_type": "B",
            "side_data_list": [
                {
                    "side_data_type": "ICC profile",
                    "size": 456
                }
            ]
        },
        {
            "key_frame": 0,
            "pts": 852000,
            "pkt_dts": 852000,
            "best_effort_timestamp": 852000,
            "duration": 3000,
            "pict_type": "P",
            "side_data_list": [
                {
                    "side_data_type": "ICC profile",
                    "size": 456
                }
            ]
        },
        {
            "key_frame": 0,
            "pts": 855000,
            "pkt_dts": 855000,
            "best_effort_timestamp": 855000,
            "duration": 3000,
            "pict_type": "B",
            "side_data_list": [
                {
                    "side_data_type": "ICC profile",
                    "size": 456
                }
            ]
        },
        {
            "key_frame": 0,
            "pts": 858000,
            "pkt_dts": 858000,
            "best_effort_timestamp": 858000,
            "duration": 3000,
            "pict_type": "B",
            "side_data_list": [
                {
                    "side_data_type": "ICC profile",
                    "size": 456
                }
            ]
        },
        {
            "key_frame": 0,
            "pts": 861000,
            "pkt_dts": 861000,
            "best_effort_timestamp": 861000,
            "duration": 3000,
            "pict_type": "B",
            "side_data_list": [
                {
                    "side_data_type": "ICC profile",
                    "size": 456
                }
            ]
        },
        {
            "key_frame": 0,
            "pts": 864000,
            "pkt_dts": 864000,
            "best_effort_timestamp": 864000,
            "duration": 3000,
            "pict_type": "P",
            "side_data_list": [
                {
                    "side_data_type": "ICC profile",
                    "size": 456
                }
            ]
        },
        {
            "key_frame": 0,
            "pts": 867000,
            "pkt_dts": 867000,
            "best_effort_timestamp": 867000,
            "duration": 3000,
            "pict_type": "B",
            "side_data_list": [
                {
                    "side_data_type": "ICC profile",
                    "size": 456
                }
            ]
        },
        {
            "key_frame": 0,
            "pts": 870000,
            "pkt_dts": 870000,
            "best_effort_timestamp": 870000,
            "duration": 3000,
            "pict_type": "B",
            "side_data_list": [
                {
                    "side_data_type": "ICC profile",
                    "size": 456
                }
            ]
        },
        {
            "key_frame": 0,
            "pts": 873000,
            "pkt_dts": 873000,
            "best_effort_timestamp": 873000,
            "duration": 3000,
            "pict_type": "B",
            "side_data_list": [
                {
                    "side_data_type": "ICC profile",
                    "size": 456
                }
            ]
        },
        {
            "key_frame": 0,
            "pts": 876000,
            "pkt_dts": 876000,
            "best_effort_timestamp": 876000,
            "duration": 3000,
            "pict_type": "P",
            "side_data_list": [
                {
                    "side_data_type": "ICC profile",
                    "size": 456
                }
            ]
        },
        {
            "key_frame": 0,
            "pts": 879000,
            "pkt_dts": 879000,
            "best_effort_timestamp": 879000,
            "duration": 3000,
            "pict_type": "B",
            "side_data_list": [
                {
                    "side_data_type": "ICC profile",
                    "size": 456
                }
            ]
        },
        {
            "key_frame": 0,
            "pts": 882000,
            "pkt_dts": 882000,
            "best_effort_timestamp": 882000,
            "duration": 3000,
            "pict_type": "B",
            "side_data_list": [
                {
                    "side_data_type": "ICC profile",
                    "size": 456
                }
            ]
        },
        {
            "key_frame": 0,
            "pts": 885000,
            "pkt_dts": 885000,
            "best_effort_timestamp": 885000,
            "duration": 3000,
            "pict_type": "P",
            "side_data_list": [
                {
                    "side_data_type": "ICC profile",
                    "size": 456
                }
            ]
        },
        {
            "key_frame": 0,
            "pts": 888000,
            "pkt_dts": 888000,
            "best_effort_timestamp": 888000,
            "duration": 3000,
            "pict_type": "P",
            "side_data_list": [
                {
                    "side_data_type": "ICC profile",
                    "size": 456
                }
            ]
        },
        {
            "key_frame": 0,
            "pts": 891000,
            "pkt_dts": 891000,
            "best_effort_timestamp": 891000,
            "duration": 3000,
            "pict_type": "P",
            "side_data_list": [
                {
                    "side_data_type": "ICC profile",
                    "size": 456
                }
            ]
        },
        {
            "key_frame": 0,
            "pts": 894000,
            "best_effort_timestamp": 894000,
            "duration": 3000,
            "pict_type": "P",
            "side_data_list": [
                {
                    "side_data_type": "ICC profile",
                    "size": 456
                }
            ]
        },
        {
            "key_frame": 0,
            "pts": 897000,
            "best_effort_timestamp": 897000,
            "duration": 3000,
            "pict_type": "P",
            "side_data_list": [
                {
                    "side_data_type": "ICC profile",
                    "size": 456
                }
            ]
        }
    ],
    "programs": [

    ],
    "stream_groups": [

    ],
    "streams": [
        {
            "codec_name": "h264",
            "codec_type": "video",
            "width": 1920,
            "height": 1080,
            "pix_fmt": "yuv420p",
            "color_range": "tv",
            "color_space": "smpte170m",
            "r_frame_rate": "30/1",
            "avg_frame_rate": "30/1",
            "time_base": "1/90000",
            "start_pts": 0,
            "duration_ts": 900000,
            "nb_frames": "300",
            "disposition": {
                "default": 1,
                "dub": 0,
                "original": 0,
                "comment": 0,
                "lyrics": 0,
                "karaoke": 0,
                "forced": 0,
                "hearing_impaired": 0,
                "visual_impaired": 0,
                "clean_effects": 0,
                "attached_pic": 0,
                "timed_thumbnails": 0,
                "non_diegetic": 0,
                "captions": 0,
                "descriptions": 0,
                "metadata": 0,
                "dependent": 0,
                "still_image": 0,
                "multilayer": 0
            },
            "tags": {
                "language": "und",
                "handler_name": "VideoHandler",
                "encoder": "Lavc63.1.102 libx264"
            },
            "side_data_list": [
                {
                    "side_data_type": "ICC Profile"
                }
            ]
        }
    ]
}
